2,adj,132
3,adj,51
3,adj,184
3,adj,242
3,adj,254
4,adj,79
4,adj,148
4,adj,224
6,adj,115
6,adj,118
7,adj,179
7,adj,207
9,adj,73
9,adj,98
9,adj,121
9,adj,192
10,adj,219
11,adj,14
12,adj,13
13,adj,12
14,adj,11
14,adj,227
16,adj,171
17,adj,49
17,adj,61
17,adj,217
18,adj,20
18,adj,94
18,adj,136
18,adj,174
18,adj,241
19,adj,175
20,adj,18
20,adj,47
20,adj,78
20,adj,94
20,adj,174
21,adj,22
21,adj,26
21,adj,123
21,adj,178
22,adj,21
22,adj,26
22,adj,67
23,adj,187
23,adj,251
24,adj,41
24,adj,43
24,adj,151
25,adj,33
25,adj,40
25,adj,52
25,adj,65
25,adj,106
25,adj,181
26,adj,21
26,adj,22
26,adj,67
26,adj,89
26,adj,111
26,adj,133
26,adj,178
28,adj,93
28,adj,131
28,adj,135
28,adj,197
29,adj,108
29,adj,150
31,adj,185
31,adj,240
31,adj,254
33,adj,25
33,adj,52
33,adj,54
33,adj,66
34,adj,49
34,adj,217
34,adj,256
35,adj,72
35,adj,77
36,adj,96
37,adj,63
37,adj,225
38,adj,205
39,adj,72
39,adj,91
39,adj,155
39,adj,222
40,adj,25
40,adj,52
40,adj,54
40,adj,106
40,adj,228
41,adj,24
41,adj,42
41,adj,43
41,adj,74
41,adj,75
41,adj,152
42,adj,41
42,adj,152
42,adj,166
43,adj,24
43,adj,41
43,adj,151
43,adj,163
43,adj,237
43,adj,238
44,adj,99
45,adj,144
45,adj,148
45,adj,232
47,adj,20
47,adj,69
47,adj,94
47,adj,167
48,adj,68
48,adj,100
48,adj,142
48,adj,143
48,adj,163
49,adj,17
49,adj,34
49,adj,61
49,adj,189
49,adj,217
50,adj,142
50,adj,143
51,adj,3
52,adj,25
52,adj,33
52,adj,40
52,adj,54
53,adj,138
54,adj,33
54,adj,40
54,adj,52
56,adj,57
56,adj,95
56,adj,173
56,adj,196
57,adj,56
57,adj,93
57,adj,173
58,adj,208
60,adj,212
60,adj,213
60,adj,242
61,adj,17
61,adj,49
61,adj,62
61,adj,177
61,adj,189
61,adj,225
62,adj,61
62,adj,72
62,adj,188
62,adj,189
62,adj,190
63,adj,37
63,adj,124
63,adj,177
63,adj,180
65,adj,25
66,adj,33
66,adj,97
67,adj,22
67,adj,26
67,adj,227
68,adj,48
68,adj,100
68,adj,158
68,adj,249
69,adj,47
69,adj,159
69,adj,167
69,adj,168
69,adj,169
70,adj,93
70,adj,129
71,adj,89
71,adj,91
71,adj,188
72,adj,35
72,adj,39
72,adj,62
72,adj,76
72,adj,91
72,adj,188
73,adj,9
73,adj,92
73,adj,171
74,adj,41
74,adj,75
75,adj,41
75,adj,74
75,adj,236
75,adj,262
75,adj,263
76,adj,72
76,adj,177
77,adj,35
78,adj,20
79,adj,4
79,adj,107
79,adj,114
79,adj,148
79,adj,224
79,adj,232
79,adj,234
80,adj,157
80,adj,198
80,adj,255
81,adj,254
82,adj,129
82,adj,157
82,adj,160
82,adj,173
82,adj,196
83,adj,129
83,adj,157
84,adj,118
85,adj,188
87,adj,88
87,adj,209
88,adj,87
88,adj,261
89,adj,26
89,adj,71
89,adj,91
89,adj,133
89,adj,165
89,adj,178
89,adj,188
89,adj,190
90,adj,113
90,adj,186
90,adj,249
91,adj,39
91,adj,71
91,adj,72
91,adj,89
91,adj,149
91,adj,165
92,adj,73
92,adj,171
92,adj,252
92,adj,253
93,adj,28
93,adj,57
93,adj,70
93,adj,173
93,adj,192
94,adj,18
94,adj,20
94,adj,47
94,adj,169
94,adj,235
95,adj,56
95,adj,102
95,adj,134
96,adj,36
96,adj,197
96,adj,258
97,adj,66
97,adj,189
98,adj,9
98,adj,191
98,adj,192
99,adj,44
99,adj,109
100,adj,48
100,adj,68
100,adj,161
100,adj,164
100,adj,186
100,adj,230
102,adj,95
102,adj,196
102,adj,198
106,adj,25
106,adj,40
106,adj,195
107,adj,79
107,adj,113
107,adj,137
107,adj,164
107,adj,170
107,adj,234
108,adj,29
109,adj,99
109,adj,110
110,adj,109
111,adj,26
111,adj,227
111,adj,257
113,adj,90
113,adj,107
113,adj,114
113,adj,234
113,adj,249
114,adj,79
114,adj,113
114,adj,144
114,adj,211
114,adj,249
115,adj,6
115,adj,118
115,adj,251
116,adj,152
118,adj,6
118,adj,84
118,adj,115
118,adj,251
120,adj,127
120,adj,244
121,adj,9
121,adj,131
122,adj,205
123,adj,21
123,adj,165
123,adj,178
123,adj,210
124,adj,63
124,adj,216
125,adj,231
125,adj,249
126,adj,147
126,adj,167
126,adj,168
126,adj,212
127,adj,120
128,adj,220
129,adj,70
129,adj,82
129,adj,83
129,adj,173
130,adj,134
130,adj,216
131,adj,28
131,adj,121
131,adj,175
131,adj,191
132,adj,2
132,adj,203
133,adj,26
133,adj,89
134,adj,95
134,adj,130
134,adj,197
135,adj,28
136,adj,18
136,adj,153
137,adj,107
137,adj,170
137,adj,224
137,adj,233
138,adj,53
138,adj,199
139,adj,203
139,adj,218
140,adj,229
140,adj,262
140,adj,263
141,adj,162
141,adj,236
141,adj,237
141,adj,262
141,adj,263
142,adj,48
142,adj,50
142,adj,163
142,adj,239
143,adj,48
143,adj,50
144,adj,45
144,adj,114
144,adj,148
144,adj,211
145,adj,146
145,adj,193
146,adj,145
146,adj,193
146,adj,226
147,adj,126
147,adj,159
147,adj,168
148,adj,4
148,adj,45
148,adj,79
148,adj,144
149,adj,91
149,adj,154
149,adj,155
149,adj,165
149,adj,210
150,adj,29
150,adj,154
151,adj,24
151,adj,43
152,adj,41
152,adj,42
152,adj,116
153,adj,136
153,adj,220
154,adj,149
154,adj,150
155,adj,39
155,adj,149
157,adj,80
157,adj,82
157,adj,83
157,adj,160
158,adj,68
158,adj,246
159,adj,69
159,adj,147
160,adj,82
160,adj,157
160,adj,196
161,adj,100
161,adj,162
161,adj,163
161,adj,164
161,adj,170
162,adj,141
162,adj,161
162,adj,163
162,adj,170
162,adj,229
162,adj,237
163,adj,43
163,adj,48
163,adj,142
163,adj,161
163,adj,162
163,adj,230
163,adj,237
164,adj,100
164,adj,107
164,adj,161
164,adj,170
164,adj,186
164,adj,230
165,adj,89
165,adj,91
165,adj,123
165,adj,149
165,adj,178
166,adj,42
167,adj,47
167,adj,69
167,adj,126
168,adj,69
168,adj,126
168,adj,147
168,adj,247
169,adj,69
169,adj,94
169,adj,235
170,adj,107
170,adj,137
170,adj,161
170,adj,162
170,adj,164
170,adj,234
171,adj,16
171,adj,73
171,adj,92
171,adj,252
173,adj,56
173,adj,57
173,adj,82
173,adj,93
173,adj,129
174,adj,18
174,adj,20
175,adj,19
175,adj,131
175,adj,191
177,adj,61
177,adj,63
177,adj,76
177,adj,225
178,adj,21
178,adj,26
178,adj,89
178,adj,123
178,adj,165
179,adj,7
179,adj,223
180,adj,63
180,adj,197
180,adj,216
180,adj,258
181,adj,25
182,adj,212
182,adj,242
182,adj,248
184,adj,3
184,adj,208
185,adj,31
186,adj,90
186,adj,100
186,adj,164
187,adj,23
188,adj,62
188,adj,71
188,adj,72
188,adj,85
188,adj,89
188,adj,190
189,adj,49
189,adj,61
189,adj,62
189,adj,97
189,adj,190
190,adj,62
190,adj,89
190,adj,188
190,adj,189
191,adj,98
191,adj,131
191,adj,175
191,adj,205
192,adj,9
192,adj,93
192,adj,98
193,adj,145
193,adj,146
195,adj,106
195,adj,228
196,adj,56
196,adj,82
196,adj,102
196,adj,160
197,adj,28
197,adj,96
197,adj,134
197,adj,180
197,adj,215
197,adj,216
198,adj,80
198,adj,102
199,adj,138
203,adj,132
203,adj,139
205,adj,38
205,adj,122
205,adj,191
205,adj,215
205,adj,218
207,adj,7
207,adj,223
208,adj,58
208,adj,184
208,adj,250
209,adj,87
209,adj,231
209,adj,261
210,adj,123
210,adj,149
211,adj,114
211,adj,144
211,adj,231
212,adj,60
212,adj,126
212,adj,182
212,adj,213
212,adj,248
213,adj,60
213,adj,212
215,adj,197
215,adj,205
216,adj,124
216,adj,130
216,adj,180
216,adj,197
216,adj,219
217,adj,17
217,adj,34
217,adj,49
217,adj,256
218,adj,139
218,adj,205
219,adj,10
219,adj,216
220,adj,128
220,adj,153
220,adj,240
221,adj,245
222,adj,39
223,adj,179
223,adj,207
224,adj,4
224,adj,79
224,adj,137
225,adj,37
225,adj,61
225,adj,177
226,adj,146
227,adj,14
227,adj,67
227,adj,111
228,adj,40
228,adj,195
228,adj,257
229,adj,140
229,adj,162
229,adj,237
230,adj,100
230,adj,163
230,adj,164
231,adj,125
231,adj,209
231,adj,211
231,adj,261
232,adj,45
232,adj,79
233,adj,137
234,adj,79
234,adj,107
234,adj,113
234,adj,170
234,adj,249
235,adj,94
235,adj,169
235,adj,247
236,adj,75
236,adj,141
236,adj,237
236,adj,263
237,adj,43
237,adj,141
237,adj,162
237,adj,163
237,adj,229
237,adj,236
238,adj,43
238,adj,239
239,adj,142
239,adj,238
240,adj,31
240,adj,220
241,adj,18
242,adj,3
242,adj,60
242,adj,182
244,adj,120
245,adj,221
246,adj,158
247,adj,168
247,adj,235
248,adj,182
248,adj,212
249,adj,68
249,adj,90
249,adj,113
249,adj,114
249,adj,125
249,adj,234
250,adj,208
251,adj,23
251,adj,115
251,adj,118
252,adj,92
252,adj,171
253,adj,92
254,adj,3
254,adj,31
254,adj,81
254,adj,259
255,adj,80
255,adj,256
256,adj,34
256,adj,217
256,adj,255
257,adj,111
257,adj,228
258,adj,96
258,adj,180
259,adj,254
261,adj,88
261,adj,209
261,adj,231
262,adj,75
262,adj,140
262,adj,141
262,adj,263
263,adj,75
263,adj,140
263,adj,141
263,adj,236
263,adj,262
47,1,medical_and_health
47,12,residential_area
47,2,governments_and_organizations
47,2,public_services
47,9,culture_and_education
47,1,domestic_services
47,4,place_of_worship
47,1,catering
47,2,parking_area
94,1,medical_and_health
94,1,governments_and_organizations
94,4,culture_and_education
211,11,residential_area
211,2,place_of_worship
211,4,shopping
211,3,parking_area
224,56,residential_area
224,18,corporations
224,7,shopping
224,3,public_services
224,121,parking_area
233,29,residential_area
233,2,place_of_worship
233,4,shopping
233,7,public_services
233,1,governments_and_organizations
233,5,corporations
233,4,culture_and_education
233,1,domestic_services
233,1,parking_area
233,1,medical_and_health
233,1,transportation
233,6,scenic_spots
45,17,residential_area
45,6,place_of_worship
45,11,governments_and_organizations
45,6,culture_and_education
45,1,domestic_services
45,2,public_services
45,1,finance
45,2,catering
45,12,parking_area
45,1,scenic_spots
209,12,residential_area
209,2,public_services
209,1,governments_and_organizations
209,4,culture_and_education
209,2,domestic_services
209,5,parking_area
209,2,catering
209,1,transportation
209,2,place_of_worship
209,1,medical_and_health
13,9,residential_area
13,3,culture_and_education
13,1,governments_and_organizations
166,63,residential_area
166,6,place_of_worship
166,5,shopping
166,10,parking_area
166,3,governments_and_organizations
166,4,medical_and_health
166,1,public_services
166,50,culture_and_education
166,3,transportation
161,11,residential_area
161,4,place_of_worship
161,1,culture_and_education
161,53,shopping
161,1,governments_and_organizations
161,2,corporations
161,1,domestic_services
161,1,finance
161,2,parking_area
161,1,sports_and_leisure
161,1,catering
161,1,medical_and_health
142,98,residential_area
142,9,place_of_worship
142,2,governments_and_organizations
142,15,culture_and_education
142,3,shopping
142,2,public_services
142,2,medical_and_health
142,1,transportation
142,1,finance
142,1,catering
142,4,parking_area
142,1,scenic_spots
170,34,residential_area
170,7,place_of_worship
170,6,shopping
170,4,corporations
170,3,medical_and_health
170,5,parking_area
170,1,culture_and_education
170,2,catering
33,127,residential_area
33,14,place_of_worship
33,5,public_services
33,6,parking_area
33,6,governments_and_organizations
33,3,corporations
33,2,shopping
33,9,culture_and_education
33,4,domestic_services
33,3,catering
33,2,finance
33,2,scenic_spots
48,79,residential_area
48,10,place_of_worship
48,8,shopping
48,3,public_services
48,2,medical_and_health
48,1,corporations
48,9,parking_area
48,10,culture_and_education
48,2,sports_and_leisure
48,2,transportation
48,1,governments_and_organizations
48,1,catering
164,32,residential_area
164,2,place_of_worship
164,7,shopping
164,8,public_services
164,3,culture_and_education
164,2,corporations
164,3,parking_area
164,3,domestic_services
164,2,catering
50,20,residential_area
50,1,place_of_worship
50,3,shopping
50,2,public_services
50,1,scenic_spots
50,1,governments_and_organizations
50,1,corporations
50,2,culture_and_education
50,1,transportation
50,2,sports_and_leisure
50,1,catering
50,6,parking_area
113,439,residential_area
113,7,place_of_worship
113,89,culture_and_education
113,15,shopping
113,1,governments_and_organizations
113,34,corporations
113,3,parking_area
113,1,sports_and_leisure
113,3,catering
113,2,finance
113,1,medical_and_health
230,21,residential_area
230,3,place_of_worship
230,29,shopping
230,2,governments_and_organizations
230,4,corporations
230,2,public_services
230,1,culture_and_education
230,2,domestic_services
230,34,sports_and_leisure
230,4,parking_area
230,2,catering
246,19,residential_area
246,3,place_of_worship
246,5,shopping
246,12,public_services
246,2,corporations
246,8,parking_area
246,1,culture_and_education
246,5,domestic_services
246,4,transportation
246,1,sports_and_leisure
246,2,governments_and_organizations
246,1,catering
246,12,scenic_spots
150,528,residential_area
150,23,culture_and_education
150,14,public_services
150,7,corporations
150,23,shopping
150,3,place_of_worship
150,1,catering
150,34,parking_area
150,1,governments_and_organizations
238,23,residential_area
238,12,place_of_worship
238,2,shopping
238,2,parking_area
238,9,culture_and_education
238,1,public_services
238,1,transportation
238,2,medical_and_health
238,3,catering
55,245,residential_area
55,59,parking_area
55,18,place_of_worship
55,16,governments_and_organizations
55,74,shopping
55,57,public_services
55,1,medical_and_health
55,91,corporations
55,17,culture_and_education
55,11,domestic_services
55,3,sports_and_leisure
55,2,transportation
55,17,catering
123,428,residential_area
123,9,parking_area
123,15,place_of_worship
123,40,shopping
123,14,public_services
123,51,corporations
123,18,culture_and_education
123,2,catering
123,2,medical_and_health
123,2,governments_and_organizations
210,965,residential_area
210,50,parking_area
210,15,place_of_worship
210,3,governments_and_organizations
210,115,shopping
210,14,public_services
210,40,corporations
210,20,culture_and_education
210,1,domestic_services
210,3,catering
210,3,finance
210,1,sports_and_leisure
256,18,residential_area
256,3,public_services
256,1,corporations
256,7,parking_area
256,9,culture_and_education
256,2,transportation
256,3,place_of_worship
256,7,catering
256,2,governments_and_organizations
256,1,sports_and_leisure
89,147,residential_area
89,32,place_of_worship
89,19,shopping
89,8,public_services
89,2,corporations
89,18,culture_and_education
89,2,sports_and_leisure
89,5,transportation
89,5,governments_and_organizations
89,5,medical_and_health
89,5,catering
89,14,parking_area
22,121,residential_area
22,18,shopping
22,6,public_services
22,12,corporations
22,17,culture_and_education
22,2,domestic_services
22,6,transportation
22,6,governments_and_organizations
22,8,place_of_worship
22,4,catering
22,1,medical_and_health
22,189,parking_area
79,1620,residential_area
79,26,place_of_worship
79,7,governments_and_organizations
79,38,shopping
79,7,public_services
79,3,medical_and_health
79,14,corporations
79,8,parking_area
79,16,culture_and_education
79,4,domestic_services
79,4,catering
79,5,sports_and_leisure
49,161,residential_area
49,12,public_services
49,26,place_of_worship
49,35,parking_area
49,4,corporations
49,4,shopping
49,15,culture_and_education
49,1,transportation
49,3,governments_and_organizations
49,1,finance
49,1,catering
49,1,sports_and_leisure
49,16,scenic_spots
21,219,residential_area
21,7,place_of_worship
21,14,corporations
21,4,parking_area
21,15,shopping
21,8,public_services
21,19,culture_and_education
21,1,domestic_services
21,6,transportation
21,3,catering
21,3,governments_and_organizations
21,1,medical_and_health
21,1,finance
97,155,residential_area
97,10,place_of_worship
97,3,shopping
97,17,parking_area
97,5,medical_and_health
97,20,culture_and_education
97,4,public_services
97,2,transportation
97,2,governments_and_organizations
97,5,catering
97,5,sports_and_leisure
255,44,residential_area
255,8,place_of_worship
255,3,governments_and_organizations
255,4,shopping
255,9,public_services
255,9,culture_and_education
255,2,domestic_services
255,1,corporations
255,8,catering
255,1,medical_and_health
255,1,finance
255,1,sports_and_leisure
255,7,parking_area
189,67,residential_area
189,14,place_of_worship
189,2,shopping
189,9,public_services
189,8,culture_and_education
189,1,medical_and_health
189,1,governments_and_organizations
189,3,catering
189,8,parking_area
189,1,corporations
181,67,residential_area
181,39,place_of_worship
181,6,governments_and_organizations
181,6,shopping
181,9,public_services
181,4,medical_and_health
181,2,corporations
181,19,parking_area
181,31,culture_and_education
181,3,transportation
181,6,finance
181,12,catering
181,1,domestic_services
52,18,residential_area
52,7,place_of_worship
52,2,public_services
52,2,parking_area
52,4,culture_and_education
52,1,domestic_services
52,1,medical_and_health
25,43,residential_area
25,15,place_of_worship
25,6,shopping
25,8,public_services
25,15,parking_area
25,2,corporations
25,19,culture_and_education
25,1,sports_and_leisure
25,1,domestic_services
25,5,governments_and_organizations
25,1,transportation
25,1,finance
25,2,medical_and_health
25,2,catering
76,5,residential_area
76,7,shopping
76,15,public_services
76,30,parking_area
76,4,corporations
76,20,culture_and_education
76,1,domestic_services
76,3,governments_and_organizations
76,9,catering
76,2,place_of_worship
76,1,sports_and_leisure
76,1,medical_and_health
76,1,transportation
134,12,residential_area
134,3,public_services
134,7,shopping
134,1,culture_and_education
134,1,transportation
134,1,catering
134,1,medical_and_health
134,2,governments_and_organizations
134,13,parking_area
197,1,residential_area
197,11,place_of_worship
197,2,public_services
197,2,medical_and_health
197,1,corporations
197,11,shopping
197,13,culture_and_education
197,1,transportation
197,6,parking_area
191,3,residential_area
191,2,shopping
191,11,public_services
191,9,culture_and_education
191,2,transportation
191,14,place_of_worship
191,5,catering
191,1,corporations
191,2,governments_and_organizations
191,3,finance
191,1,medical_and_health
191,22,parking_area
114,88,residential_area
114,2,place_of_worship
114,7,shopping
114,1,governments_and_organizations
114,10,corporations
114,18,culture_and_education
114,4,catering
114,1,public_services
114,1,sports_and_leisure
114,8,scenic_spots
114,1,parking_area
122,11,residential_area
122,4,place_of_worship
122,3,parking_area
122,1,medical_and_health
122,6,shopping
122,4,public_services
122,6,culture_and_education
122,1,governments_and_organizations
131,38,residential_area
131,12,place_of_worship
131,7,public_services
131,58,parking_area
131,5,medical_and_health
131,6,shopping
131,10,culture_and_education
131,2,finance
131,1,governments_and_organizations
131,1,catering
144,12,residential_area
144,5,place_of_worship
144,1,governments_and_organizations
144,4,parking_area
144,3,shopping
144,3,catering
144,1,finance
144,2,scenic_spots
61,1112,residential_area
61,54,place_of_worship
61,9,shopping
61,14,public_services
61,4,governments_and_organizations
61,7,medical_and_health
61,11,corporations
61,11,parking_area
61,31,culture_and_education
61,1,transportation
61,8,catering
61,2,finance
17,165,residential_area
17,32,place_of_worship
17,10,public_services
17,4,shopping
17,22,culture_and_education
17,2,finance
17,2,governments_and_organizations
17,3,catering
17,2,medical_and_health
17,1,domestic_services
17,22,parking_area
17,1,sports_and_leisure
225,1422,residential_area
225,36,place_of_worship
225,13,shopping
225,4,public_services
225,2,domestic_services
225,24,culture_and_education
225,1,transportation
225,1,corporations
225,3,catering
225,4,governments_and_organizations
225,1,finance
225,14,parking_area
165,173,residential_area
165,17,place_of_worship
165,9,shopping
165,8,public_services
165,1,scenic_spots
165,7,corporations
165,28,culture_and_education
165,1,transportation
165,1,finance
165,1,sports_and_leisure
165,6,parking_area
165,1,domestic_services
148,60,residential_area
148,1,public_services
148,1,governments_and_organizations
148,10,shopping
148,9,culture_and_education
148,1,domestic_services
148,2,transportation
148,3,catering
148,1,sports_and_leisure
148,4,place_of_worship
148,6,parking_area
28,89,residential_area
28,4,place_of_worship
28,6,shopping
28,7,public_services
28,21,culture_and_education
28,1,governments_and_organizations
28,1,catering
28,1,medical_and_health
28,1,finance
28,11,parking_area
137,71,residential_area
137,13,parking_area
137,6,place_of_worship
137,5,governments_and_organizations
137,1,shopping
137,11,medical_and_health
137,4,corporations
137,4,public_services
137,9,culture_and_education
137,3,domestic_services
137,1,sports_and_leisure
137,1,catering
234,62,residential_area
234,4,place_of_worship
234,5,culture_and_education
234,9,shopping
234,5,public_services
234,1,governments_and_organizations
234,12,corporations
234,2,domestic_services
234,8,parking_area
234,4,catering
90,69,residential_area
90,4,place_of_worship
90,3,shopping
90,1,governments_and_organizations
90,1,corporations
90,1,domestic_services
90,2,catering
90,1,culture_and_education
90,2,parking_area
186,11,residential_area
186,2,place_of_worship
186,8,culture_and_education
186,8,shopping
186,12,public_services
186,2,governments_and_organizations
186,2,corporations
186,5,parking_area
186,1,transportation
186,5,catering
65,16,residential_area
65,2,place_of_worship
65,5,shopping
65,1,public_services
65,3,transportation
65,3,governments_and_organizations
65,19,culture_and_education
65,2,domestic_services
65,1,catering
65,12,parking_area
40,15,residential_area
40,6,place_of_worship
40,6,public_services
40,5,parking_area
40,3,corporations
40,8,culture_and_education
40,2,domestic_services
40,1,medical_and_health
40,3,governments_and_organizations
40,4,catering
40,3,scenic_spots
249,388,residential_area
249,9,place_of_worship
249,11,shopping
249,4,public_services
249,2,governments_and_organizations
249,1,medical_and_health
249,13,corporations
249,2,parking_area
249,8,culture_and_education
249,2,domestic_services
249,2,transportation
249,4,catering
249,1,sports_and_leisure
195,5,residential_area
195,3,place_of_worship
195,2,public_services
195,4,corporations
195,2,shopping
195,8,culture_and_education
195,2,domestic_services
195,3,governments_and_organizations
195,12,parking_area
228,16,residential_area
228,3,transportation
228,22,place_of_worship
228,11,shopping
228,8,public_services
228,16,corporations
228,547,parking_area
228,17,culture_and_education
228,2,domestic_services
228,5,governments_and_organizations
228,4,medical_and_health
228,3,catering
228,1,sports_and_leisure
228,1,finance
130,242,residential_area
130,18,place_of_worship
130,89,shopping
130,13,public_services
130,5,governments_and_organizations
130,6,medical_and_health
130,6,corporations
130,69,parking_area
130,17,culture_and_education
130,5,transportation
130,13,catering
130,5,finance
130,1,sports_and_leisure
130,7,scenic_spots
121,43,residential_area
121,13,parking_area
121,3,medical_and_health
121,1,domestic_services
121,5,shopping
121,3,public_services
121,10,culture_and_education
121,5,place_of_worship
121,2,catering
121,3,governments_and_organizations
121,1,finance
135,8,residential_area
135,1,corporations
135,10,public_services
135,3,scenic_spots
135,19,parking_area
135,1,shopping
135,28,culture_and_education
135,8,place_of_worship
135,2,finance
135,1,sports_and_leisure
14,57,residential_area
14,21,place_of_worship
14,2,shopping
14,5,medical_and_health
14,2,corporations
14,3,public_services
14,20,culture_and_education
14,11,catering
14,7,finance
14,3,governments_and_organizations
14,1,sports_and_leisure
14,51,parking_area
29,1317,residential_area
29,14,place_of_worship
29,80,shopping
29,22,public_services
29,15,parking_area
29,9,medical_and_health
29,40,corporations
29,13,culture_and_education
29,1,domestic_services
29,2,governments_and_organizations
29,2,finance
29,1,catering
175,260,residential_area
175,6,place_of_worship
175,8,public_services
175,3,corporations
175,16,parking_area
175,5,shopping
175,17,culture_and_education
175,1,finance
175,1,governments_and_organizations
92,73,residential_area
92,10,place_of_worship
92,21,public_services
92,4,medical_and_health
92,1,corporations
92,64,parking_area
92,17,shopping
92,11,culture_and_education
92,4,governments_and_organizations
92,3,catering
92,3,finance
92,1,scenic_spots
129,420,residential_area
129,9,place_of_worship
129,2,shopping
129,14,public_services
129,24,culture_and_education
129,6,medical_and_health
129,3,corporations
129,2,finance
129,7,catering
129,2,governments_and_organizations
129,50,parking_area
196,10,residential_area
196,8,shopping
196,5,public_services
196,5,parking_area
196,7,culture_and_education
196,2,catering
196,2,place_of_worship
108,613,residential_area
108,16,parking_area
108,6,place_of_worship
108,26,shopping
108,51,public_services
108,81,corporations
108,1,domestic_services
108,12,culture_and_education
108,3,sports_and_leisure
108,2,transportation
108,1,finance
108,1,catering
108,1,governments_and_organizations
75,69,residential_area
75,16,place_of_worship
75,5,public_services
75,8,medical_and_health
75,1,corporations
75,47,parking_area
75,5,shopping
75,16,culture_and_education
75,1,domestic_services
75,1,transportation
75,3,catering
75,1,governments_and_organizations
75,1,scenic_spots
74,117,residential_area
74,15,place_of_worship
74,7,shopping
74,9,public_services
74,5,governments_and_organizations
74,3,medical_and_health
74,5,corporations
74,48,parking_area
74,14,culture_and_education
74,2,sports_and_leisure
74,1,transportation
74,1,catering
11,43,residential_area
11,17,parking_area
11,2,corporations
11,1,shopping
11,11,culture_and_education
11,2,public_services
11,4,place_of_worship
11,2,governments_and_organizations
11,1,medical_and_health
11,1,finance
11,4,catering
11,1,scenic_spots
11,1,transportation
162,8,residential_area
162,5,place_of_worship
162,15,shopping
162,4,corporations
162,2,parking_area
162,1,public_services
162,1,domestic_services
162,1,scenic_spots
162,3,transportation
162,3,catering
26,4,residential_area
26,2,shopping
26,5,medical_and_health
26,31,culture_and_education
26,5,public_services
26,21,place_of_worship
26,2,transportation
26,3,governments_and_organizations
26,8,parking_area
26,1,domestic_services
227,15,residential_area
227,13,place_of_worship
227,12,public_services
227,3,corporations
227,9,culture_and_education
227,3,transportation
227,7,catering
227,2,governments_and_organizations
227,1,sports_and_leisure
227,1,parking_area
227,1,domestic_services
133,22,residential_area
133,1,shopping
133,3,public_services
133,6,culture_and_education
133,4,place_of_worship
133,2,medical_and_health
133,1,finance
133,1,governments_and_organizations
133,2,parking_area
106,12,residential_area
106,1,shopping
106,4,transportation
106,18,corporations
106,16,public_services
106,5,culture_and_education
106,2,domestic_services
106,2,medical_and_health
106,4,catering
106,1,governments_and_organizations
106,4,sports_and_leisure
106,1,place_of_worship
106,20,parking_area
107,331,residential_area
107,11,place_of_worship
107,17,culture_and_education
107,14,shopping
107,9,public_services
107,6,medical_and_health
107,14,corporations
107,2,parking_area
107,1,domestic_services
107,1,catering
107,1,governments_and_organizations
107,1,sports_and_leisure
4,415,residential_area
4,12,place_of_worship
4,5,governments_and_organizations
4,8,corporations
4,10,shopping
4,7,culture_and_education
4,3,public_services
4,3,parking_area
4,1,sports_and_leisure
125,7,residential_area
125,5,shopping
125,1,public_services
125,1,governments_and_organizations
125,2,domestic_services
125,1,transportation
125,1,scenic_spots
125,6,parking_area
158,63,residential_area
158,2,place_of_worship
158,7,corporations
158,3,parking_area
158,7,shopping
158,1,transportation
158,2,domestic_services
158,1,catering
158,3,public_services
158,1,governments_and_organizations
231,12,residential_area
231,1,transportation
231,8,governments_and_organizations
231,2,shopping
231,5,public_services
231,2,corporations
231,5,culture_and_education
231,1,domestic_services
231,1,place_of_worship
231,4,catering
231,1,medical_and_health
231,9,parking_area
149,95,residential_area
149,8,place_of_worship
149,5,public_services
149,2,governments_and_organizations
149,10,parking_area
149,4,medical_and_health
149,14,corporations
149,18,shopping
149,11,culture_and_education
149,2,transportation
149,4,finance
149,1,catering
36,348,residential_area
36,9,place_of_worship
36,10,shopping
36,10,public_services
36,4,governments_and_organizations
36,1,medical_and_health
36,3,corporations
36,10,culture_and_education
36,3,transportation
36,7,catering
36,7,parking_area
37,192,residential_area
37,12,place_of_worship
37,4,shopping
37,6,public_services
37,5,transportation
37,2,medical_and_health
37,8,corporations
37,24,culture_and_education
37,4,governments_and_organizations
37,2,catering
37,1,sports_and_leisure
37,10,parking_area
155,1627,residential_area
155,6,place_of_worship
155,13,shopping
155,3,corporations
155,51,parking_area
155,17,public_services
155,11,culture_and_education
155,1,catering
155,1,medical_and_health
155,1,finance
155,1,governments_and_organizations
39,402,residential_area
39,3,shopping
39,16,culture_and_education
39,19,public_services
39,1,finance
39,24,place_of_worship
39,1,catering
39,40,parking_area
177,272,residential_area
177,10,place_of_worship
177,2,governments_and_organizations
177,4,shopping
177,2,public_services
177,4,medical_and_health
177,1,corporations
177,14,culture_and_education
177,4,transportation
177,1,domestic_services
177,3,catering
177,23,parking_area
71,78,residential_area
71,1,shopping
71,8,public_services
71,16,culture_and_education
71,22,place_of_worship
71,2,medical_and_health
71,6,parking_area
71,5,scenic_spots
85,14,residential_area
85,8,place_of_worship
85,5,public_services
85,2,shopping
85,2,culture_and_education
85,1,sports_and_leisure
85,1,medical_and_health
85,7,parking_area
188,16,residential_area
188,22,place_of_worship
188,16,medical_and_health
188,10,public_services
188,11,culture_and_education
188,2,transportation
188,7,parking_area
188,3,governments_and_organizations
188,4,catering
62,27,residential_area
62,11,place_of_worship
62,3,shopping
62,15,culture_and_education
62,2,governments_and_organizations
62,1,medical_and_health
62,1,finance
62,2,catering
62,1,domestic_services
62,3,parking_area
232,140,residential_area
232,10,place_of_worship
232,5,public_services
232,4,shopping
232,22,culture_and_education
232,4,sports_and_leisure
232,3,corporations
232,1,medical_and_health
232,1,finance
232,21,parking_area
232,1,governments_and_organizations
66,5,residential_area
66,1,place_of_worship
66,2,shopping
66,2,public_services
66,1,culture_and_education
66,1,domestic_services
66,1,transportation
66,3,catering
66,5,parking_area
198,1062,residential_area
198,17,place_of_worship
198,23,shopping
198,4,governments_and_organizations
198,6,corporations
198,32,public_services
198,18,culture_and_education
198,1,domestic_services
198,5,transportation
198,3,catering
198,13,parking_area
198,1,scenic_spots
95,14,residential_area
95,9,place_of_worship
95,7,shopping
95,31,public_services
95,24,parking_area
95,3,medical_and_health
95,19,culture_and_education
95,1,transportation
95,1,catering
95,1,sports_and_leisure
95,4,governments_and_organizations
56,42,residential_area
56,1,shopping
56,3,public_services
56,7,culture_and_education
56,2,governments_and_organizations
56,3,place_of_worship
56,2,catering
56,2,medical_and_health
56,18,parking_area
82,2,residential_area
82,3,medical_and_health
82,3,shopping
82,4,culture_and_education
82,4,public_services
82,4,transportation
82,2,finance
82,11,place_of_worship
82,4,parking_area
82,3,catering
160,24,residential_area
160,5,place_of_worship
160,15,public_services
160,5,corporations
160,1,shopping
160,5,culture_and_education
160,1,governments_and_organizations
160,1,medical_and_health
160,21,parking_area
102,4,residential_area
102,14,parking_area
102,1,corporations
102,4,shopping
102,5,public_services
102,7,culture_and_education
102,6,place_of_worship
102,4,catering
102,2,governments_and_organizations
102,1,medical_and_health
143,55,residential_area
143,3,place_of_worship
143,14,culture_and_education
143,1,shopping
143,2,transportation
143,1,governments_and_organizations
143,1,finance
143,14,parking_area
143,3,scenic_spots
163,24,residential_area
163,14,shopping
163,1,public_services
163,1,governments_and_organizations
163,5,corporations
163,2,sports_and_leisure
163,1,place_of_worship
163,2,catering
163,1,parking_area
140,126,residential_area
140,1,transportation
140,3,place_of_worship
140,1,shopping
140,7,medical_and_health
140,1,corporations
140,3,parking_area
140,8,culture_and_education
140,4,catering
140,1,governments_and_organizations
68,52,residential_area
68,9,place_of_worship
68,9,shopping
68,3,public_services
68,2,governments_and_organizations
68,2,corporations
68,5,culture_and_education
68,3,sports_and_leisure
68,1,transportation
68,1,catering
68,1,medical_and_health
68,9,parking_area
237,147,residential_area
237,11,place_of_worship
237,9,culture_and_education
237,5,shopping
237,1,governments_and_organizations
237,5,medical_and_health
237,1,corporations
237,3,parking_area
237,1,public_services
237,1,catering
229,59,residential_area
229,1,public_services
229,1,governments_and_organizations
229,3,corporations
229,1,culture_and_education
229,1,place_of_worship
41,11,residential_area
41,14,place_of_worship
41,4,shopping
41,2,public_services
41,14,parking_area
41,9,culture_and_education
41,2,governments_and_organizations
41,6,catering
41,1,sports_and_leisure
141,164,residential_area
141,8,place_of_worship
141,1,sports_and_leisure
141,1,governments_and_organizations
141,2,medical_and_health
141,1,corporations
141,1,shopping
141,8,culture_and_education
141,2,transportation
141,3,catering
141,2,parking_area
236,27,residential_area
236,8,place_of_worship
236,3,shopping
236,2,corporations
236,11,culture_and_education
236,1,finance
236,1,public_services
239,96,residential_area
239,11,place_of_worship
239,2,governments_and_organizations
239,2,parking_area
239,3,shopping
239,12,culture_and_education
239,10,catering
239,1,finance
239,2,medical_and_health
151,57,residential_area
151,6,place_of_worship
151,3,public_services
151,15,parking_area
151,4,culture_and_education
151,1,catering
24,22,residential_area
24,7,place_of_worship
24,1,public_services
24,4,culture_and_education
24,1,catering
24,1,parking_area
42,46,residential_area
42,15,place_of_worship
42,2,shopping
42,2,public_services
42,4,governments_and_organizations
42,2,medical_and_health
42,15,culture_and_education
42,1,domestic_services
42,1,transportation
42,3,catering
42,1,sports_and_leisure
42,12,parking_area
116,7,residential_area
116,8,place_of_worship
116,1,governments_and_organizations
116,4,culture_and_education
116,1,domestic_services
116,2,sports_and_leisure
116,1,catering
116,1,public_services
116,3,parking_area
152,37,residential_area
152,3,corporations
152,7,parking_area
152,19,culture_and_education
152,1,public_services
152,1,governments_and_organizations
152,1,catering
244,14,residential_area
244,7,place_of_worship
244,1,shopping
244,5,governments_and_organizations
244,9,medical_and_health
244,18,culture_and_education
244,1,domestic_services
244,2,transportation
244,2,public_services
244,1,catering
244,4,parking_area
243,149,residential_area
243,12,place_of_worship
243,14,shopping
243,5,public_services
243,5,governments_and_organizations
243,11,parking_area
243,16,culture_and_education
243,2,domestic_services
243,3,transportation
243,1,catering
243,3,scenic_spots
127,49,residential_area
127,8,place_of_worship
127,3,public_services
127,2,governments_and_organizations
127,2,shopping
127,6,culture_and_education
127,1,domestic_services
127,1,catering
127,1,medical_and_health
127,8,parking_area
153,7,residential_area
153,2,public_services
153,1,culture_and_education
153,1,place_of_worship
153,1,catering
168,8,residential_area
168,8,place_of_worship
168,4,shopping
168,6,public_services
168,4,governments_and_organizations
168,30,parking_area
168,1,scenic_spots
168,2,medical_and_health
168,9,corporations
168,9,culture_and_education
168,4,domestic_services
168,1,catering
18,1,residential_area
18,1,shopping
18,2,governments_and_organizations
18,1,medical_and_health
18,3,parking_area
18,6,culture_and_education
18,10,place_of_worship
169,7,residential_area
169,9,place_of_worship
169,3,public_services
169,1,governments_and_organizations
169,3,medical_and_health
169,3,parking_area
169,5,shopping
169,7,culture_and_education
174,1,residential_area
174,1,shopping
174,3,medical_and_health
174,1,public_services
174,3,culture_and_education
174,1,domestic_services
174,1,governments_and_organizations
174,4,place_of_worship
174,1,catering
174,3,parking_area
241,1,residential_area
241,1,public_services
241,1,governments_and_organizations
241,17,culture_and_education
241,1,domestic_services
241,12,place_of_worship
241,1,corporations
241,5,parking_area
241,1,medical_and_health
220,5,residential_area
220,12,place_of_worship
220,7,culture_and_education
220,3,shopping
220,2,public_services
220,3,catering
220,2,medical_and_health
220,10,parking_area
200,10,residential_area
200,10,place_of_worship
200,37,culture_and_education
200,1,scenic_spots
200,1,medical_and_health
200,5,public_services
200,1,sports_and_leisure
200,5,governments_and_organizations
200,1,catering
200,38,parking_area
87,12,residential_area
87,1,place_of_worship
87,5,public_services
87,1,shopping
87,1,corporations
87,1,transportation
87,3,catering
87,4,parking_area
80,18,residential_area
80,4,place_of_worship
80,9,public_services
80,1,medical_and_health
80,3,shopping
80,10,culture_and_education
80,3,governments_and_organizations
80,2,corporations
80,1,finance
80,2,sports_and_leisure
80,3,catering
80,18,parking_area
112,15,residential_area
112,15,place_of_worship
112,1,shopping
112,11,public_services
112,1,transportation
112,23,corporations
112,9,culture_and_education
112,1,domestic_services
112,34,governments_and_organizations
112,1,sports_and_leisure
112,2,finance
112,12,catering
112,11,medical_and_health
112,26,parking_area
226,2,residential_area
226,6,place_of_worship
226,13,culture_and_education
226,11,public_services
226,1,transportation
226,2,corporations
226,5,governments_and_organizations
226,1,finance
226,2,catering
226,72,parking_area
83,41,residential_area
83,9,place_of_worship
83,4,public_services
83,8,culture_and_education
83,1,transportation
83,2,catering
83,8,parking_area
7,17,residential_area
7,10,place_of_worship
7,7,shopping
7,11,public_services
7,5,culture_and_education
7,4,catering
7,2,medical_and_health
7,2,governments_and_organizations
7,2,finance
7,1,sports_and_leisure
7,27,parking_area
179,7,residential_area
179,7,place_of_worship
179,1,shopping
179,10,public_services
179,29,parking_area
179,3,medical_and_health
179,7,culture_and_education
179,1,governments_and_organizations
179,1,finance
179,1,scenic_spots
146,10,residential_area
146,6,public_services
146,2,corporations
146,5,culture_and_education
146,2,domestic_services
146,2,place_of_worship
146,1,governments_and_organizations
146,5,parking_area
145,32,residential_area
145,6,culture_and_education
145,1,shopping
145,13,public_services
145,6,corporations
145,477,parking_area
145,3,domestic_services
145,1,transportation
145,5,governments_and_organizations
145,2,place_of_worship
145,2,catering
145,4,scenic_spots
213,2,residential_area
213,2,public_services
213,1,governments_and_organizations
213,3,shopping
213,8,culture_and_education
213,2,place_of_worship
213,9,parking_area
213,1,catering
213,1,medical_and_health
216,3,residential_area
216,1,shopping
216,1,scenic_spots
216,20,parking_area
216,3,public_services
216,11,culture_and_education
216,2,governments_and_organizations
216,6,catering
216,3,place_of_worship
215,25,residential_area
215,16,place_of_worship
215,3,public_services
215,15,parking_area
215,3,shopping
215,8,culture_and_education
215,1,sports_and_leisure
215,1,governments_and_organizations
215,2,medical_and_health
205,6,residential_area
205,2,shopping
205,11,public_services
205,11,parking_area
205,2,medical_and_health
205,8,culture_and_education
205,2,corporations
205,2,place_of_worship
205,1,catering
19,3,residential_area
19,3,place_of_worship
19,6,public_services
19,24,parking_area
19,5,medical_and_health
19,1,shopping
19,10,culture_and_education
19,1,catering
19,1,finance
16,8,residential_area
16,6,shopping
16,28,public_services
16,2,medical_and_health
16,18,culture_and_education
16,2,domestic_services
16,1,transportation
16,19,place_of_worship
16,7,catering
16,1,finance
16,66,parking_area
73,2,residential_area
73,4,public_services
73,12,parking_area
73,3,medical_and_health
73,3,culture_and_education
73,6,place_of_worship
73,3,governments_and_organizations
192,1,residential_area
192,1,place_of_worship
192,2,medical_and_health
192,5,shopping
192,8,public_services
192,3,culture_and_education
192,2,catering
192,1,corporations
192,6,parking_area
15,6,residential_area
15,1,medical_and_health
15,66,parking_area
15,12,shopping
15,2,public_services
15,2,domestic_services
15,2,culture_and_education
15,3,catering
15,1,finance
15,1,governments_and_organizations
15,1,place_of_worship
248,1,residential_area
248,3,place_of_worship
248,5,culture_and_education
248,6,parking_area
202,6,residential_area
202,2,place_of_worship
202,4,culture_and_education
202,3,public_services
202,1,transportation
202,1,governments_and_organizations
202,6,parking_area
124,1,residential_area
124,59,parking_area
124,3,shopping
124,45,public_services
124,7,culture_and_education
124,1,transportation
124,2,place_of_worship
124,1,medical_and_health
124,3,finance
124,1,catering
124,1,governments_and_organizations
54,1,residential_area
54,2,public_services
54,3,corporations
54,2,catering
54,1,place_of_worship
54,6,parking_area
167,1,residential_area
167,8,place_of_worship
167,4,public_services
167,3,governments_and_organizations
167,2,medical_and_health
167,9,culture_and_education
167,1,catering
167,9,parking_area
217,1,residential_area
217,4,place_of_worship
217,2,public_services
217,13,culture_and_education
217,1,governments_and_organizations
217,1,parking_area
23,22,residential_area
23,2,shopping
23,10,public_services
23,10,corporations
23,26,culture_and_education
23,1,governments_and_organizations
23,2,place_of_worship
23,1,catering
23,116,parking_area
221,6,residential_area
221,6,place_of_worship
221,2,shopping
221,5,governments_and_organizations
221,17,parking_area
221,2,medical_and_health
221,5,public_services
221,6,culture_and_education
221,1,transportation
221,3,catering
201,1,residential_area
201,2,shopping
201,1,public_services
201,5,culture_and_education
201,2,place_of_worship
201,2,catering
201,3,governments_and_organizations
201,1,medical_and_health
201,19,parking_area
235,3,residential_area
235,6,culture_and_education
235,6,shopping
235,1,governments_and_organizations
235,1,medical_and_health
235,2,corporations
235,3,place_of_worship
235,7,parking_area
53,1,transportation
53,26,public_services
53,15,parking_area
53,1,corporations
53,6,culture_and_education
53,6,place_of_worship
53,1,catering
27,1,scenic_spots
27,3,place_of_worship
27,1,shopping
27,6,public_services
27,2645,parking_area
27,2,catering
27,2,governments_and_organizations
250,2,domestic_services
250,5,place_of_worship
250,3,governments_and_organizations
250,2,medical_and_health
250,5,public_services
250,4,culture_and_education
250,1,transportation
250,4,parking_area
250,3,catering
250,1,scenic_spots
172,2,place_of_worship
172,5,shopping
172,3,residential_area
172,5,public_services
172,8,culture_and_education
172,4,catering
172,1,governments_and_organizations
172,11,parking_area
187,4,place_of_worship
187,83,residential_area
187,8,culture_and_education
187,15,public_services
187,2,parking_area
118,5,place_of_worship
118,16,shopping
118,16,public_services
118,9,culture_and_education
118,29,catering
118,11167,parking_area
118,1,governments_and_organizations
118,2,sports_and_leisure
118,7,scenic_spots
118,4,finance
64,7,place_of_worship
64,3,shopping
64,14,public_services
64,33,parking_area
64,536,residential_area
64,10,culture_and_education
204,4,place_of_worship
204,10,public_services
204,414,parking_area
204,2,shopping
204,3,culture_and_education
204,1,governments_and_organizations
204,1,catering
204,1,finance
204,9,scenic_spots
84,4,place_of_worship
84,19,public_services
84,2477,parking_area
84,3,medical_and_health
84,64,residential_area
84,3,domestic_services
84,8,shopping
84,20,culture_and_education
84,2,transportation
84,2,finance
84,1,catering
84,1,corporations
84,1,scenic_spots
84,1,sports_and_leisure
84,1,governments_and_organizations
109,2,place_of_worship
109,20,shopping
109,2,corporations
109,31,public_services
109,2694,parking_area
109,122,residential_area
109,11,culture_and_education
109,3,governments_and_organizations
109,6,catering
109,3,finance
109,2,scenic_spots
178,6,place_of_worship
178,3,shopping
178,8,public_services
178,3,parking_area
178,6,culture_and_education
100,1,place_of_worship
100,8,shopping
100,1,governments_and_organizations
100,5,residential_area
100,2,corporations
100,7,public_services
100,3,sports_and_leisure
100,1,transportation
100,3,catering
100,1,parking_area
159,5,place_of_worship
159,1,shopping
159,2,public_services
159,9,governments_and_organizations
159,2,medical_and_health
159,8,culture_and_education
159,9,parking_area
254,7,place_of_worship
254,4,culture_and_education
254,1,transportation
254,8,parking_area
157,4,place_of_worship
157,17,parking_area
157,1,shopping
157,3,public_services
157,11,culture_and_education
157,3,finance
171,9,place_of_worship
171,7,public_services
171,1,residential_area
171,5,shopping
171,14,culture_and_education
171,2,finance
171,3,catering
171,2,governments_and_organizations
171,29,parking_area
252,7,place_of_worship
252,16,public_services
252,50,parking_area
252,3,residential_area
252,1,corporations
252,21,shopping
252,7,culture_and_education
252,3,catering
46,4,place_of_worship
46,14,parking_area
46,1,corporations
46,2,culture_and_education
46,1,domestic_services
46,1,public_services
46,3,catering
46,4,scenic_spots
20,4,place_of_worship
20,1,governments_and_organizations
20,4,public_services
20,47,culture_and_education
20,1,shopping
20,27,parking_area
44,6,shopping
44,81,public_services
44,3,governments_and_organizations
44,6013,parking_area
44,8,scenic_spots
44,72,residential_area
44,8,culture_and_education
44,4,catering
44,6,place_of_worship
44,2,finance
44,1,sports_and_leisure
245,1,shopping
245,12,parking_area
245,3,medical_and_health
245,1,residential_area
245,11,culture_and_education
245,4,public_services
245,1,place_of_worship
245,1,governments_and_organizations
214,1,shopping
214,4,medical_and_health
214,24,residential_area
214,7,public_services
214,5,culture_and_education
214,1,transportation
214,1,catering
214,1,place_of_worship
214,11,parking_area
101,2,shopping
101,15,parking_area
101,6,medical_and_health
101,12,residential_area
101,5,public_services
101,7,culture_and_education
101,2,finance
101,5,place_of_worship
101,2,governments_and_organizations
101,2,catering
101,1,corporations
67,1,shopping
67,1,scenic_spots
67,1,medical_and_health
67,17,culture_and_education
67,2,governments_and_organizations
67,5,place_of_worship
67,1,public_services
67,1,catering
67,3,parking_area
69,1,shopping
69,2,public_services
69,2,governments_and_organizations
69,11,culture_and_education
69,1,place_of_worship
69,4,parking_area
81,1,shopping
81,8,culture_and_education
81,1,transportation
81,3,place_of_worship
81,1,catering
81,2,parking_area
183,6,shopping
183,2,residential_area
183,3,culture_and_education
183,4,catering
183,2,place_of_worship
183,5,parking_area
38,4,shopping
38,3,public_services
38,7,culture_and_education
38,7,place_of_worship
38,1,governments_and_organizations
38,1,medical_and_health
38,3,parking_area
9,1,shopping
9,25,parking_area
9,7,culture_and_education
9,1,public_services
9,1,place_of_worship
9,1,medical_and_health
9,1,catering
132,2,shopping
132,4,corporations
132,81,parking_area
132,12,public_services
132,105,governments_and_organizations
132,5,transportation
136,1,shopping
136,2,medical_and_health
136,1,culture_and_education
136,1,domestic_services
136,2,place_of_worship
136,6,parking_area
34,2,shopping
34,1,residential_area
34,3,corporations
34,11,parking_area
34,2,culture_and_education
139,3,shopping
139,5,public_services
139,11,residential_area
139,8,culture_and_education
139,6,place_of_worship
139,1,corporations
139,1,governments_and_organizations
139,10,parking_area
60,1,shopping
60,1,public_services
60,5,culture_and_education
60,2,place_of_worship
60,1,medical_and_health
60,11,parking_area
223,10,public_services
223,28,corporations
223,9,place_of_worship
223,1,residential_area
223,1,shopping
223,14,culture_and_education
223,1,medical_and_health
223,1,governments_and_organizations
223,1,catering
223,44,parking_area
173,4,public_services
173,7,parking_area
173,6,domestic_services
173,11,culture_and_education
173,26,place_of_worship
70,5,public_services
70,1,residential_area
70,9,parking_area
70,7,culture_and_education
70,2,corporations
70,1,medical_and_health
70,6,place_of_worship
70,1,governments_and_organizations
203,7,public_services
203,20,parking_area
203,3,residential_area
203,6,culture_and_education
203,2,transportation
203,3,catering
203,1,medical_and_health
203,1,place_of_worship
138,20,public_services
138,26,parking_area
138,1,shopping
138,1,corporations
138,1,transportation
35,2,public_services
35,12,parking_area
35,20,culture_and_education
35,1,sports_and_leisure
35,4,place_of_worship
35,3,governments_and_organizations
35,1,medical_and_health
35,2,shopping
10,5,public_services
10,2,residential_area
10,8,parking_area
10,9,culture_and_education
10,2,place_of_worship
10,1,transportation
10,1,catering
6,7,public_services
6,10,parking_area
6,4,residential_area
6,1,medical_and_health
6,3,culture_and_education
6,1,catering
6,1,scenic_spots
3,1,public_services
3,5,parking_area
3,6,culture_and_education
3,2,transportation
3,1,place_of_worship
3,2,governments_and_organizations
3,3,catering
206,44,public_services
206,2,scenic_spots
206,25,residential_area
206,17,culture_and_education
206,3,sports_and_leisure
206,7,governments_and_organizations
206,14,parking_area
206,2,place_of_worship
206,2,catering
206,1,medical_and_health
206,1,transportation
126,2,public_services
126,2,governments_and_organizations
126,1,medical_and_health
126,4,culture_and_education
126,1,domestic_services
126,4,corporations
126,3,place_of_worship
126,1,catering
126,409,parking_area
126,10,scenic_spots
156,15,public_services
156,20,corporations
156,1,shopping
156,4,culture_and_education
156,1,sports_and_leisure
156,1,finance
156,2,governments_and_organizations
156,4,catering
156,1,place_of_worship
156,10,parking_area
190,11,transportation
190,3,scenic_spots
190,8,public_services
190,2,catering
190,2,governments_and_organizations
190,1,sports_and_leisure
190,1,culture_and_education
190,5,parking_area
91,2,governments_and_organizations
91,1,medical_and_health
91,195,residential_area
91,39,parking_area
91,1,shopping
91,4,public_services
91,11,culture_and_education
91,9,place_of_worship
91,1,catering
91,1,scenic_spots
119,2,governments_and_organizations
119,1,residential_area
119,7,culture_and_education
119,2,place_of_worship
78,3,governments_and_organizations
78,2,medical_and_health
78,4,culture_and_education
78,1,domestic_services
78,1,transportation
78,4,place_of_worship
78,7,parking_area
5,29,parking_area
5,17,residential_area
5,1,place_of_worship
5,1,culture_and_education
51,13,parking_area
51,4,public_services
51,7,culture_and_education
51,1,transportation
51,2,catering
98,6,parking_area
98,2,shopping
98,12,public_services
98,9,culture_and_education
98,1,finance
98,3,place_of_worship
98,1,governments_and_organizations
98,1,sports_and_leisure
57,1,parking_area
43,1,governments_and_organizations
43,4,corporations
43,8,public_services
43,1,shopping
43,3,domestic_services
43,3,scenic_spots
43,3,sports_and_leisure
43,2,catering
43,6,parking_area
43,1,transportation
128,2,scenic_spots
128,2,medical_and_health
128,2,public_services
128,1,parking_area
247,1,scenic_spots
247,2,medical_and_health
247,17,parking_area
247,2,public_services
247,3,shopping
247,7,culture_and_education
247,1,domestic_services
247,2,sports_and_leisure
93,12,scenic_spots
93,11,public_services
93,6,sports_and_leisure
93,1,catering
93,28,parking_area
194,1,scenic_spots
194,5,medical_and_health
194,2,governments_and_organizations
194,86,parking_area
194,1,culture_and_education
31,2,scenic_spots
31,14,public_services
31,2,culture_and_education
31,2,sports_and_leisure
31,1,transportation
31,2,catering
31,9,parking_area
154,3,transportation
154,6,public_services
154,23,parking_area
154,3,culture_and_education
154,2,catering
154,1,governments_and_organizations
72,2,medical_and_health
72,15,culture_and_education
72,2,public_services
72,11,place_of_worship
72,1,governments_and_organizations
72,4,parking_area
147,1,medical_and_health
147,5,culture_and_education
147,3,place_of_worship
242,6,medical_and_health
242,1,shopping
242,1,public_services
242,3,culture_and_education
242,5,place_of_worship
242,1,governments_and_organizations
242,2,catering
242,9,parking_area
242,1,sports_and_leisure
86,2,medical_and_health
86,16,residential_area
86,13,culture_and_education
86,2,transportation
86,1,governments_and_organizations
86,1,place_of_worship
86,1,catering
86,11,parking_area
88,2,residential_area
88,3,corporations
88,5,public_services
88,7,domestic_services
88,2,transportation
88,7,catering
88,1,place_of_worship
88,1,parking_area
193,4,residential_area
193,1,shopping
193,7,public_services
193,6,culture_and_education
193,1,corporations
193,1,finance
193,1,place_of_worship
193,4,parking_area
180,1,residential_area
180,3,public_services
180,5,culture_and_education
180,3,parking_area
180,1,scenic_spots
117,175,residential_area
117,4,public_services
117,2,shopping
117,7,culture_and_education
117,1,transportation
117,2,medical_and_health
117,5,place_of_worship
117,1,governments_and_organizations
117,1,catering
117,25,parking_area
115,7,residential_area
115,2,public_services
115,6,culture_and_education
115,1,place_of_worship
115,9,parking_area
58,1,residential_area
58,1,culture_and_education
58,4,parking_area
176,5,residential_area
176,1,shopping
176,2,culture_and_education
176,1,catering
176,2,parking_area
30,2,residential_area
30,2,culture_and_education
30,1,place_of_worship
30,3,parking_area
99,1,corporations
99,2,public_services
99,1,governments_and_organizations
99,124,parking_area
77,1,corporations
77,13,culture_and_education
77,2,domestic_services
77,1,transportation
77,5,place_of_worship
77,1,public_services
77,1,catering
77,8,parking_area
105,3,corporations
105,2,culture_and_education
105,2,domestic_services
105,2,place_of_worship
105,1,sports_and_leisure
105,2,catering
218,1,residential_area
218,1,public_services
218,8,culture_and_education
218,1,place_of_worship
218,17,parking_area
63,2,shopping
63,2,public_services
63,5,culture_and_education
63,1,transportation
63,3,catering
63,4,parking_area
240,5,public_services
240,15,domestic_services
240,4,parking_area
199,11,public_services
199,30,parking_area
199,1,governments_and_organizations
212,1,public_services
212,4,culture_and_education
212,1,transportation
212,1,medical_and_health
212,3,place_of_worship
212,1,catering
212,1,finance
212,1,parking_area
219,1,public_services
219,2,culture_and_education
219,2,governments_and_organizations
219,3,place_of_worship
219,22,parking_area
219,1,scenic_spots
251,6,public_services
251,5,culture_and_education
251,2,place_of_worship
251,1,catering
251,1,finance
251,2,parking_area
110,2,public_services
110,859,parking_area
222,3,culture_and_education
222,8,parking_area
222,1,place_of_worship
32,3,culture_and_education
32,1,place_of_worship
32,1,parking_area
185,3,culture_and_education
185,1,transportation
185,2,medical_and_health
185,1,place_of_worship
185,1,finance
185,13,parking_area
182,6,culture_and_education
182,2,place_of_worship
182,1,parking_area
208,7,culture_and_education
208,3,catering
208,2,governments_and_organizations
208,3,medical_and_health
208,3,place_of_worship
208,12,parking_area
96,4,public_services
96,2,parking_area
184,6,sports_and_leisure
184,2,domestic_services
184,1,transportation
184,6,parking_area
184,1,scenic_spots
12,2,transportation
12,2,public_services
12,1,catering
12,2,parking_area
111,1,governments_and_organizations
111,1,parking_area
8,2,public_services
8,1,parking_area
253,3,parking_area
2,3,parking_area
